Qty,Line Item,Manufacturer,MPN,Octopart URL,Schematic Reference,Internal Part Number,Description,Total Qty (@ Batch Size: 1),SKU,SKU,SKU,SKU,Packaging,Packaging,Packaging,Packaging,Unit Price (@ Batch Size: 1),Unit Price (@ Batch Size: 1),Unit Price (@ Batch Size: 1),Unit Price (@ Batch Size: 1),In Stock,In Stock,In Stock,In Stock,MOQ,MOQ,MOQ,MOQ,URL,URL,URL,URL,Distributor [Digi-Key],SKU [Digi-Key],Packaging [Digi-Key],Unit Price (@ Batch Size: 1) [Digi-Key],Line Total [Digi-Key],Batch Total [Digi-Key],In Stock [Digi-Key],MOQ [Digi-Key],URL [Digi-Key],Notes
,,,,,,,,,Digi-Key,Farnell,RS Components,TME,Digi-Key,Farnell,RS Components,TME,Digi-Key,Farnell,RS Components,TME,Digi-Key,Farnell,RS Components,TME,Digi-Key,Farnell,RS Components,TME,Digi-Key,Farnell,RS Components,TME,,,,,,,,,,
3,T491D227K010AT,KEMET,T491D227K010AT,https://octopart.com/t491d227k010at-kemet-87914,C2 C9 C8,,220u 10V,3,399-8379-1-ND,1310127,,T491D227K010AT,Cut Tape,,,,1.34880898,1.17,,0.5695066706,2523,263,,19,1,1,,2,https://octopart.com/click/track?country=ES&ak=68b25f31&sig=0254f60&sid=459&ppid=87914&vpid=51928429&ct=offers,https://octopart.com/click/track?country=ES&ak=68b25f31&sig=06dd2f6&sid=819&ppid=87914&vpid=216588947&ct=offers,,https://octopart.com/click/track?country=ES&ak=68b25f31&sig=0468f9e&sid=1532&ppid=87914&vpid=273325250&ct=offers,Digi-Key,399-8379-1-ND,Cut Tape,1.34880898,4.04642694,4.04642694,2523,1,https://octopart.com/click/track?country=ES&ak=68b25f31&sig=0254f60&sid=459&ppid=87914&vpid=51928429&ct=offers,
11,0603YC104KAT2A,AVX,0603YC104KAT2A,https://octopart.com/0603yc104kat2a-avx-55386347,C3 C11 C10 C23 C20 C21 C17 C18 C22 C15 C16,,100n,11,478-1239-1-ND,2367633,,0603YC104KAT2A,Cut Tape,Cut Tape,,,0.020618736000000002,3,,,1493489,44562,,102600,1,1,,100,https://octopart.com/click/track?country=ES&ak=68b25f31&sig=0b7e07c&sid=459&ppid=55386347&vpid=187968805&ct=offers,https://octopart.com/click/track?country=ES&ak=68b25f31&sig=001ebf1&sid=819&ppid=55386347&vpid=216418142&ct=offers,,https://octopart.com/click/track?country=ES&ak=68b25f31&sig=08756c0&sid=1532&ppid=55386347&vpid=187735336&ct=offers,Digi-Key,478-1239-1-ND,Cut Tape,0.020618736000000002,0.226806096,0.226806096,1493489,1,https://octopart.com/click/track?country=ES&ak=68b25f31&sig=0b7e07c&sid=459&ppid=55386347&vpid=187968805&ct=offers,
1,T491C106M016AT,KEMET,T491C106M016AT,https://octopart.com/t491c106m016at-kemet-219788,C6,,10u,1,399-3735-1-ND,2462774,,T491C106M016AT,Cut Tape,,,,0.52405954,723,,,50675,607,,110,1,1,,5,https://octopart.com/click/track?country=ES&ak=68b25f31&sig=058e41d&sid=459&ppid=219788&vpid=1087537&ct=offers,https://octopart.com/click/track?country=ES&ak=68b25f31&sig=0c11776&sid=819&ppid=219788&vpid=216588907&ct=offers,,https://octopart.com/click/track?country=ES&ak=68b25f31&sig=0943702&sid=1532&ppid=219788&vpid=88624576&ct=offers,Digi-Key,399-3735-1-ND,Cut Tape,0.52405954,0.52405954,0.52405954,50675,1,https://octopart.com/click/track?country=ES&ak=68b25f31&sig=058e41d&sid=459&ppid=219788&vpid=1087537&ct=offers,
5,08053G105ZAT2A,AVX,08053G105ZAT2A,https://octopart.com/08053g105zat2a-avx-194975,C12 C1 C13 C4 C14,,1u,5,478-1426-1-ND,2332746,,08053G105ZAT2A,Cut Tape,,,,0.28350762,,,,25647,790,,6701,1,10,,100,https://octopart.com/click/track?country=ES&ak=68b25f31&sig=0ba3b5d&sid=459&ppid=194975&vpid=2012150&ct=offers,https://octopart.com/click/track?country=ES&ak=68b25f31&sig=0ae3bf2&sid=819&ppid=194975&vpid=147273431&ct=offers,,https://octopart.com/click/track?country=ES&ak=68b25f31&sig=0b4d401&sid=1532&ppid=194975&vpid=94209933&ct=offers,Digi-Key,478-1426-1-ND,Cut Tape,0.28350762,1.4175381,1.4175381,25647,1,https://octopart.com/click/track?country=ES&ak=68b25f31&sig=0ba3b5d&sid=459&ppid=194975&vpid=2012150&ct=offers,
1,06035C103KAT2A,AVX,06035C103KAT2A,https://octopart.com/06035c103kat2a-avx-55386346,C7,,10n,1,478-1227-1-ND,1327675,,06035C103KAT2A,Cut Tape,,,,0.08591140000000001,,,,896093,89871,,100000,1,10,,100,https://octopart.com/click/track?country=ES&ak=68b25f31&sig=0f07d77&sid=459&ppid=55386346&vpid=187968548&ct=offers,https://octopart.com/click/track?country=ES&ak=68b25f31&sig=056f4c4&sid=819&ppid=55386346&vpid=190161152&ct=offers,,https://octopart.com/click/track?country=ES&ak=68b25f31&sig=0d46127&sid=1532&ppid=55386346&vpid=187735334&ct=offers,Digi-Key,478-1227-1-ND,Cut Tape,0.08591140000000001,0.08591140000000001,0.08591140000000001,896093,1,https://octopart.com/click/track?country=ES&ak=68b25f31&sig=0f07d77&sid=459&ppid=55386346&vpid=187968548&ct=offers,
1,0603YD474KAT2A,AVX,0603YD474KAT2A,https://octopart.com/0603yd474kat2a-avx-194840,C5,,470n,1,478-1248-1-ND,2367636,,0603YD474KAT2A,Cut Tape,Cut Tape,,,0.20618736000000001,0.25,,,29454,1474,,6000,1,1,,100,https://octopart.com/click/track?country=ES&ak=68b25f31&sig=0633195&sid=459&ppid=194840&vpid=1355645&ct=offers,https://octopart.com/click/track?country=ES&ak=68b25f31&sig=07223d3&sid=819&ppid=194840&vpid=216418258&ct=offers,,https://octopart.com/click/track?country=ES&ak=68b25f31&sig=0643212&sid=1532&ppid=194840&vpid=99376189&ct=offers,Digi-Key,478-1248-1-ND,Cut Tape,0.20618736000000001,0.20618736000000001,0.20618736000000001,29454,1,https://octopart.com/click/track?country=ES&ak=68b25f31&sig=0633195&sid=459&ppid=194840&vpid=1355645&ct=offers,
1,T491C106M016AT,KEMET,T491C106M016AT,https://octopart.com/t491c106m016at-kemet-219788,C19,,10u 6V LowESR,1,399-3735-1-ND,2462774,,T491C106M016AT,Cut Tape,,,,0.52405954,723,,,50675,607,,110,1,1,,5,https://octopart.com/click/track?country=ES&ak=68b25f31&sig=058e41d&sid=459&ppid=219788&vpid=1087537&ct=offers,https://octopart.com/click/track?country=ES&ak=68b25f31&sig=0c11776&sid=819&ppid=219788&vpid=216588907&ct=offers,,https://octopart.com/click/track?country=ES&ak=68b25f31&sig=0943702&sid=1532&ppid=219788&vpid=88624576&ct=offers,Digi-Key,399-3735-1-ND,Cut Tape,0.52405954,0.52405954,0.52405954,50675,1,https://octopart.com/click/track?country=ES&ak=68b25f31&sig=058e41d&sid=459&ppid=219788&vpid=1087537&ct=offers,
1,SML-D12V1WT86,Rohm,SML-D12V1WT86,https://octopart.com/sml-d12v1wt86-rohm-70837113,D2,,PWR-ON,1,SML-D12V1WT86CT-ND,,,,Cut Tape,,,,0.18900508000000002,,,,16219,,,,1,,,,https://octopart.com/click/track?country=ES&ak=68b25f31&sig=0972ae4&sid=459&ppid=70837113&vpid=248817868&ct=offers,,,,Digi-Key,SML-D12V1WT86CT-ND,Cut Tape,0.18900508000000002,0.18900508000000002,0.18900508000000002,16219,1,https://octopart.com/click/track?country=ES&ak=68b25f31&sig=0972ae4&sid=459&ppid=70837113&vpid=248817868&ct=offers,
1,SFH4545,Osram Opto,SFH 4545,https://octopart.com/sfh+4545-osram+opto-31094092,D6,,TX-L,1,475-2919-ND,,,SFH4545,Bulk,,,,0.6443355000000001,,,0.48651625820000005,54630,,,1034,1,,,1,https://octopart.com/click/track?country=ES&ak=68b25f31&sig=02b4330&sid=459&ppid=31094092&vpid=90899884&ct=offers,,,https://octopart.com/click/track?country=ES&ak=68b25f31&sig=0308b1f&sid=1532&ppid=31094092&vpid=410536086&ct=offers,Digi-Key,475-2919-ND,Bulk,0.6443355000000001,0.6443355000000001,0.6443355000000001,54630,1,https://octopart.com/click/track?country=ES&ak=68b25f31&sig=02b4330&sid=459&ppid=31094092&vpid=90899884&ct=offers,
2,SFH4545,Osram Opto,SFH 4545,https://octopart.com/sfh+4545-osram+opto-31094092,D7 D8,,TX-LD,2,475-2919-ND,,,SFH4545,Bulk,,,,0.6443355000000001,,,0.48651625820000005,54630,,,1034,1,,,1,https://octopart.com/click/track?country=ES&ak=68b25f31&sig=02b4330&sid=459&ppid=31094092&vpid=90899884&ct=offers,,,https://octopart.com/click/track?country=ES&ak=68b25f31&sig=0308b1f&sid=1532&ppid=31094092&vpid=410536086&ct=offers,Digi-Key,475-2919-ND,Bulk,0.6443355000000001,1.2886710000000001,1.2886710000000001,54630,1,https://octopart.com/click/track?country=ES&ak=68b25f31&sig=02b4330&sid=459&ppid=31094092&vpid=90899884&ct=offers,
1,SFH4545,Osram Opto,SFH 4545,https://octopart.com/sfh+4545-osram+opto-31094092,D9,,TX-R,1,475-2919-ND,,,SFH4545,Bulk,,,,0.6443355000000001,,,0.48651625820000005,54630,,,1034,1,,,1,https://octopart.com/click/track?country=ES&ak=68b25f31&sig=02b4330&sid=459&ppid=31094092&vpid=90899884&ct=offers,,,https://octopart.com/click/track?country=ES&ak=68b25f31&sig=0308b1f&sid=1532&ppid=31094092&vpid=410536086&ct=offers,Digi-Key,475-2919-ND,Bulk,0.6443355000000001,0.6443355000000001,0.6443355000000001,54630,1,https://octopart.com/click/track?country=ES&ak=68b25f31&sig=02b4330&sid=459&ppid=31094092&vpid=90899884&ct=offers,
1,SML-D12P8WT86,Rohm,SML-D12P8WT86,https://octopart.com/sml-d12p8wt86-rohm-9289138,D1,,LED1,1,511-1579-1-ND,2507529,,,Cut Tape,,,,0.29209876,1.44,,,25783,4204,,,1,1,,,https://octopart.com/click/track?country=ES&ak=68b25f31&sig=0d51f99&sid=459&ppid=9289138&vpid=34047033&ct=offers,https://octopart.com/click/track?country=ES&ak=68b25f31&sig=04a6bab&sid=819&ppid=9289138&vpid=242951204&ct=offers,,,Digi-Key,511-1579-1-ND,Cut Tape,0.29209876,0.29209876,0.29209876,25783,1,https://octopart.com/click/track?country=ES&ak=68b25f31&sig=0d51f99&sid=459&ppid=9289138&vpid=34047033&ct=offers,
1,SML-D12P8WT86,Rohm,SML-D12P8WT86,https://octopart.com/sml-d12p8wt86-rohm-9289138,D3,,LED2,1,511-1579-1-ND,2507529,,,Cut Tape,,,,0.29209876,1.44,,,25783,4204,,,1,1,,,https://octopart.com/click/track?country=ES&ak=68b25f31&sig=0d51f99&sid=459&ppid=9289138&vpid=34047033&ct=offers,https://octopart.com/click/track?country=ES&ak=68b25f31&sig=04a6bab&sid=819&ppid=9289138&vpid=242951204&ct=offers,,,Digi-Key,511-1579-1-ND,Cut Tape,0.29209876,0.29209876,0.29209876,25783,1,https://octopart.com/click/track?country=ES&ak=68b25f31&sig=0d51f99&sid=459&ppid=9289138&vpid=34047033&ct=offers,
1,SML-D12P8WT86,Rohm,SML-D12P8WT86,https://octopart.com/sml-d12p8wt86-rohm-9289138,D4,,LED3,1,511-1579-1-ND,2507529,,,Cut Tape,,,,0.29209876,1.44,,,25783,4204,,,1,1,,,https://octopart.com/click/track?country=ES&ak=68b25f31&sig=0d51f99&sid=459&ppid=9289138&vpid=34047033&ct=offers,https://octopart.com/click/track?country=ES&ak=68b25f31&sig=04a6bab&sid=819&ppid=9289138&vpid=242951204&ct=offers,,,Digi-Key,511-1579-1-ND,Cut Tape,0.29209876,0.29209876,0.29209876,25783,1,https://octopart.com/click/track?country=ES&ak=68b25f31&sig=0d51f99&sid=459&ppid=9289138&vpid=34047033&ct=offers,
1,SML-D12P8WT86,Rohm,SML-D12P8WT86,https://octopart.com/sml-d12p8wt86-rohm-9289138,D5,,LED4,1,511-1579-1-ND,2507529,,,Cut Tape,,,,0.29209876,1.44,,,25783,4204,,,1,1,,,https://octopart.com/click/track?country=ES&ak=68b25f31&sig=0d51f99&sid=459&ppid=9289138&vpid=34047033&ct=offers,https://octopart.com/click/track?country=ES&ak=68b25f31&sig=04a6bab&sid=819&ppid=9289138&vpid=242951204&ct=offers,,,Digi-Key,511-1579-1-ND,Cut Tape,0.29209876,0.29209876,0.29209876,25783,1,https://octopart.com/click/track?country=ES&ak=68b25f31&sig=0d51f99&sid=459&ppid=9289138&vpid=34047033&ct=offers,
2,PREC020SBAN-M71RC,Sullins,PREC020SBAN-M71RC,https://octopart.com/prec020sban-m71rc-sullins-22265312,J4 J5,,ENC-L,2,S1112EC-20-ND,,,,Bag,,,,0.39519244000000003,,,,0,,,,1,,,,https://octopart.com/click/track?country=ES&ak=68b25f31&sig=075e8cc&sid=459&ppid=22265312&vpid=47550285&ct=offers,,,,Digi-Key,S1112EC-20-ND,Bag,0.39519244000000003,0.7903848800000001,0.7903848800000001,0,1,https://octopart.com/click/track?country=ES&ak=68b25f31&sig=075e8cc&sid=459&ppid=22265312&vpid=47550285&ct=offers,
1,B3B-PH-K-S(LF)(SN),JST,B3B-PH-K-S(LF)(SN),https://octopart.com/b3b-ph-k-s%28lf%29%28sn%29-jst-248869,J1,,PWR1,1,455-1705-ND,9492429,,,Bulk,,,,0.16323166,,,,137074,192556,,,1,10,,,https://octopart.com/click/track?country=ES&ak=68b25f31&sig=0e34344&sid=459&ppid=248869&vpid=1392985&ct=offers,https://octopart.com/click/track?country=ES&ak=68b25f31&sig=0017a72&sid=819&ppid=248869&vpid=147561566&ct=offers,,,Digi-Key,455-1705-ND,Bulk,0.16323166,0.16323166,0.16323166,137074,1,https://octopart.com/click/track?country=ES&ak=68b25f31&sig=0e34344&sid=459&ppid=248869&vpid=1392985&ct=offers,
1,PREC020SBAN-M71RC,Sullins,PREC020SBAN-M71RC,https://octopart.com/prec020sban-m71rc-sullins-22265312,J2,,ICD,1,S1112EC-20-ND,,,,Bag,,,,0.39519244000000003,,,,0,,,,1,,,,https://octopart.com/click/track?country=ES&ak=68b25f31&sig=075e8cc&sid=459&ppid=22265312&vpid=47550285&ct=offers,,,,Digi-Key,S1112EC-20-ND,Bag,0.39519244000000003,0.39519244000000003,0.39519244000000003,0,1,https://octopart.com/click/track?country=ES&ak=68b25f31&sig=075e8cc&sid=459&ppid=22265312&vpid=47550285&ct=offers,
1,801-87-006-20-001101,Preci-Dip,801-87-006-20-001101,https://octopart.com/801-87-006-20-001101-preci-dip-21424352,J3,,BT,1,1212-1187-ND,,,,Bulk,,,,0.6701089200000001,,,,754,,,,1,,,,https://octopart.com/click/track?country=ES&ak=68b25f31&sig=0642f4d&sid=459&ppid=21424352&vpid=59041123&ct=offers,,,,Digi-Key,1212-1187-ND,Bulk,0.6701089200000001,0.6701089200000001,0.6701089200000001,754,1,https://octopart.com/click/track?country=ES&ak=68b25f31&sig=0642f4d&sid=459&ppid=21424352&vpid=59041123&ct=offers,
1,TEFT4300,Vishay,TEFT4300,https://octopart.com/teft4300-vishay-39729854,Q3,,RX-L,1,751-1041-ND,5390709,,TEFT4300,Bulk,,,,0.60997094,663,,,6377,5590,,6,1,1,,2,https://octopart.com/click/track?country=ES&ak=68b25f31&sig=0a09a97&sid=459&ppid=39729854&vpid=159804322&ct=offers,https://octopart.com/click/track?country=ES&ak=68b25f31&sig=00aa4b4&sid=819&ppid=39729854&vpid=255979119&ct=offers,,https://octopart.com/click/track?country=ES&ak=68b25f31&sig=0f1defe&sid=1532&ppid=39729854&vpid=347806903&ct=offers,Digi-Key,751-1041-ND,Bulk,0.60997094,0.60997094,0.60997094,6377,1,https://octopart.com/click/track?country=ES&ak=68b25f31&sig=0a09a97&sid=459&ppid=39729854&vpid=159804322&ct=offers,
1,TEFT4300,Vishay,TEFT4300,https://octopart.com/teft4300-vishay-39729854,Q4,,RX-R,1,751-1041-ND,5390709,,TEFT4300,Bulk,,,,0.60997094,663,,,6377,5590,,6,1,1,,2,https://octopart.com/click/track?country=ES&ak=68b25f31&sig=0a09a97&sid=459&ppid=39729854&vpid=159804322&ct=offers,https://octopart.com/click/track?country=ES&ak=68b25f31&sig=00aa4b4&sid=819&ppid=39729854&vpid=255979119&ct=offers,,https://octopart.com/click/track?country=ES&ak=68b25f31&sig=0f1defe&sid=1532&ppid=39729854&vpid=347806903&ct=offers,Digi-Key,751-1041-ND,Bulk,0.60997094,0.60997094,0.60997094,6377,1,https://octopart.com/click/track?country=ES&ak=68b25f31&sig=0a09a97&sid=459&ppid=39729854&vpid=159804322&ct=offers,
2,TEFT4300,Vishay,TEFT4300,https://octopart.com/teft4300-vishay-39729854,Q1 Q2,,RX-LD,2,751-1041-ND,5390709,,TEFT4300,Bulk,,,,0.60997094,663,,0.2327339826,6377,5590,,6,1,1,,2,https://octopart.com/click/track?country=ES&ak=68b25f31&sig=0a09a97&sid=459&ppid=39729854&vpid=159804322&ct=offers,https://octopart.com/click/track?country=ES&ak=68b25f31&sig=00aa4b4&sid=819&ppid=39729854&vpid=255979119&ct=offers,,https://octopart.com/click/track?country=ES&ak=68b25f31&sig=0f1defe&sid=1532&ppid=39729854&vpid=347806903&ct=offers,Digi-Key,751-1041-ND,Bulk,0.60997094,1.21994188,1.21994188,6377,1,https://octopart.com/click/track?country=ES&ak=68b25f31&sig=0a09a97&sid=459&ppid=39729854&vpid=159804322&ct=offers,
1,TEFT4300,Vishay,TEFT4300,https://octopart.com/teft4300-vishay-39729854,Q5,,FLASH,1,751-1041-ND,5390709,,TEFT4300,Bulk,,,,0.60997094,663,,,6377,5590,,6,1,1,,2,https://octopart.com/click/track?country=ES&ak=68b25f31&sig=0a09a97&sid=459&ppid=39729854&vpid=159804322&ct=offers,https://octopart.com/click/track?country=ES&ak=68b25f31&sig=00aa4b4&sid=819&ppid=39729854&vpid=255979119&ct=offers,,https://octopart.com/click/track?country=ES&ak=68b25f31&sig=0f1defe&sid=1532&ppid=39729854&vpid=347806903&ct=offers,Digi-Key,751-1041-ND,Bulk,0.60997094,0.60997094,0.60997094,6377,1,https://octopart.com/click/track?country=ES&ak=68b25f31&sig=0a09a97&sid=459&ppid=39729854&vpid=159804322&ct=offers,
5,RC0603FR-071K8L,Yageo,RC0603FR-071K8L,https://octopart.com/rc0603fr-071k8l-yageo-40952851,R24 R29 R22 R23 R30,,1k8 1%,5,311-1.80KHRCT-ND,9238514,,,Cut Tape,,,,0.08591140000000001,,,,669595,35810,,,1,10,,,https://octopart.com/click/track?country=ES&ak=68b25f31&sig=00738d6&sid=459&ppid=40952851&vpid=114982867&ct=offers,https://octopart.com/click/track?country=ES&ak=68b25f31&sig=0d9d193&sid=819&ppid=40952851&vpid=148351458&ct=offers,,,Digi-Key,311-1.80KHRCT-ND,Cut Tape,0.08591140000000001,0.4295570000000001,0.4295570000000001,669595,1,https://octopart.com/click/track?country=ES&ak=68b25f31&sig=00738d6&sid=459&ppid=40952851&vpid=114982867&ct=offers,
3,RC0805JR-070RL,Yageo,RC0805JR-070RL,https://octopart.com/rc0805jr-070rl-yageo-55402891,R6 R13 R12,,0R,3,311-0.0ARCT-ND,1799478,,RC0805JR-070R,Cut Tape,Cut Tape,,,0.08591140000000001,83,,,5740135,8417,,86100,1,1,,100,https://octopart.com/click/track?country=ES&ak=68b25f31&sig=04a16aa&sid=459&ppid=55402891&vpid=188129085&ct=offers,https://octopart.com/click/track?country=ES&ak=68b25f31&sig=09c9641&sid=819&ppid=55402891&vpid=190268104&ct=offers,,https://octopart.com/click/track?country=ES&ak=68b25f31&sig=05ae212&sid=1532&ppid=55402891&vpid=187873940&ct=offers,Digi-Key,311-0.0ARCT-ND,Cut Tape,0.08591140000000001,0.2577342,0.2577342,5740135,1,https://octopart.com/click/track?country=ES&ak=68b25f31&sig=04a16aa&sid=459&ppid=55402891&vpid=188129085&ct=offers,
4,RC0603JR-0747KL,Yageo,RC0603JR-0747KL,https://octopart.com/rc0603jr-0747kl-yageo-55402890,R5 R8 R4 R7,,47k,4,311-47KGRCT-ND,1799431,,RC0603JR-0747K,Cut Tape,Cut Tape,,,0.08591140000000001,0.0531,,,1512893,10438,,174100,1,1,,100,https://octopart.com/click/track?country=ES&ak=68b25f31&sig=01af689&sid=459&ppid=55402890&vpid=191366587&ct=offers,https://octopart.com/click/track?country=ES&ak=68b25f31&sig=09c84f0&sid=819&ppid=55402890&vpid=190268048&ct=offers,,https://octopart.com/click/track?country=ES&ak=68b25f31&sig=011415d&sid=1532&ppid=55402890&vpid=187873798&ct=offers,Digi-Key,311-47KGRCT-ND,Cut Tape,0.08591140000000001,0.34364560000000005,0.34364560000000005,1512893,1,https://octopart.com/click/track?country=ES&ak=68b25f31&sig=01af689&sid=459&ppid=55402890&vpid=191366587&ct=offers,
2,RC0805FR-0712RL,Yageo,RC0805FR-0712RL,https://octopart.com/rc0805fr-0712rl-yageo-42271931,R25 R28,,12R 1%,2,311-12.0CRCT-ND,9237259,,,Cut Tape,,,,0.08591140000000001,,,,383293,3076,,,1,10,,,https://octopart.com/click/track?country=ES&ak=68b25f31&sig=0a520bb&sid=459&ppid=42271931&vpid=115141499&ct=offers,https://octopart.com/click/track?country=ES&ak=68b25f31&sig=040889c&sid=819&ppid=42271931&vpid=148352143&ct=offers,,,Digi-Key,311-12.0CRCT-ND,Cut Tape,0.08591140000000001,0.17182280000000003,0.17182280000000003,383293,1,https://octopart.com/click/track?country=ES&ak=68b25f31&sig=0a520bb&sid=459&ppid=42271931&vpid=115141499&ct=offers,
2,RMCF0805FT5R60,Stackpole Electronics,RMCF0805FT5R60,https://octopart.com/rmcf0805ft5r60-stackpole+electronics-19214245,R26 R27,,5.6R 1%,2,RMCF0805FT5R60CT-ND,,,,Cut Tape,,,,0.08591140000000001,,,,43640,,,,1,,,,https://octopart.com/click/track?country=ES&ak=68b25f31&sig=01a467a&sid=459&ppid=19214245&vpid=34422387&ct=offers,,,,Digi-Key,RMCF0805FT5R60CT-ND,Cut Tape,0.08591140000000001,0.17182280000000003,0.17182280000000003,43640,1,https://octopart.com/click/track?country=ES&ak=68b25f31&sig=01a467a&sid=459&ppid=19214245&vpid=34422387&ct=offers,
2,RC0603FR-0710KL,Yageo,RC0603FR-0710KL,https://octopart.com/rc0603fr-0710kl-yageo-40025538,R10 R20,,10k 1%,2,311-10.0KHRCT-ND,2133286,,RC0603FR-0710K,Cut Tape,Cut Tape,,,0.08591140000000001,54,,,7018515,281,,0,1,1,,100,https://octopart.com/click/track?country=ES&ak=68b25f31&sig=03bdc7a&sid=459&ppid=40025538&vpid=114982759&ct=offers,https://octopart.com/click/track?country=ES&ak=68b25f31&sig=0d7f7d0&sid=819&ppid=40025538&vpid=148346631&ct=offers,,https://octopart.com/click/track?country=ES&ak=68b25f31&sig=042702c&sid=1532&ppid=40025538&vpid=114810349&ct=offers,Digi-Key,311-10.0KHRCT-ND,Cut Tape,0.08591140000000001,0.17182280000000003,0.17182280000000003,7018515,1,https://octopart.com/click/track?country=ES&ak=68b25f31&sig=03bdc7a&sid=459&ppid=40025538&vpid=114982759&ct=offers,
5,RC0603FR-0710KL,Yageo,RC0603FR-0710KL,https://octopart.com/rc0603fr-0710kl-yageo-40025538,R9 R3 R2 R11 R14,,10k,5,311-10.0KHRCT-ND,2133286,,RC0603FR-0710K,Cut Tape,Cut Tape,,,0.08591140000000001,54,,,7018515,281,,0,1,1,,100,https://octopart.com/click/track?country=ES&ak=68b25f31&sig=03bdc7a&sid=459&ppid=40025538&vpid=114982759&ct=offers,https://octopart.com/click/track?country=ES&ak=68b25f31&sig=0d7f7d0&sid=819&ppid=40025538&vpid=148346631&ct=offers,,https://octopart.com/click/track?country=ES&ak=68b25f31&sig=042702c&sid=1532&ppid=40025538&vpid=114810349&ct=offers,Digi-Key,311-10.0KHRCT-ND,Cut Tape,0.08591140000000001,0.4295570000000001,0.4295570000000001,7018515,1,https://octopart.com/click/track?country=ES&ak=68b25f31&sig=03bdc7a&sid=459&ppid=40025538&vpid=114982759&ct=offers,
1,RC0603FR-072R2L,Yageo,RC0603FR-072R2L,https://octopart.com/rc0603fr-072r2l-yageo-43171452,R1,,2R2 1%,1,311-2.2HRCT-ND,9238166,,,Cut Tape,,,,0.08591140000000001,,,,56546,20767,,,1,10,,,https://octopart.com/click/track?country=ES&ak=68b25f31&sig=0b8d9c2&sid=459&ppid=43171452&vpid=115682372&ct=offers,https://octopart.com/click/track?country=ES&ak=68b25f31&sig=0de43ff&sid=819&ppid=43171452&vpid=148351573&ct=offers,,,Digi-Key,311-2.2HRCT-ND,Cut Tape,0.08591140000000001,0.08591140000000001,0.08591140000000001,56546,1,https://octopart.com/click/track?country=ES&ak=68b25f31&sig=0b8d9c2&sid=459&ppid=43171452&vpid=115682372&ct=offers,
5,RC0603JR-071KL,Yageo,RC0603JR-071KL,https://octopart.com/rc0603jr-071kl-yageo-55402888,R15 R17 R18 R21 R16,,1k,5,311-1.0KGRCT-ND,2309108,,RC0603JR-071K,Cut Tape,,,,0.08591140000000001,0.0266,,,3893622,24258,,597800,1,1,,100,https://octopart.com/click/track?country=ES&ak=68b25f31&sig=089ccc1&sid=459&ppid=55402888&vpid=188128979&ct=offers,https://octopart.com/click/track?country=ES&ak=68b25f31&sig=0624694&sid=819&ppid=55402888&vpid=190268013&ct=offers,,https://octopart.com/click/track?country=ES&ak=68b25f31&sig=08733b7&sid=1532&ppid=55402888&vpid=187873713&ct=offers,Digi-Key,311-1.0KGRCT-ND,Cut Tape,0.08591140000000001,0.4295570000000001,0.4295570000000001,3893622,1,https://octopart.com/click/track?country=ES&ak=68b25f31&sig=089ccc1&sid=459&ppid=55402888&vpid=188128979&ct=offers,
3,B3U-1000P,Omron,B3U-1000P,https://octopart.com/b3u-1000p-omron-1057357,SW2 SW3 SW4,,RST,3,SW1020CT-ND,1333652,,,Cut Tape,,,,0.859114,,,,105165,36828,,,1,5,,,https://octopart.com/click/track?country=ES&ak=68b25f31&sig=070966c&sid=459&ppid=1057357&vpid=34033658&ct=offers,https://octopart.com/click/track?country=ES&ak=68b25f31&sig=0353c3d&sid=819&ppid=1057357&vpid=147699083&ct=offers,,,Digi-Key,SW1020CT-ND,Cut Tape,0.859114,2.5773420000000002,2.5773420000000002,105165,1,https://octopart.com/click/track?country=ES&ak=68b25f31&sig=070966c&sid=459&ppid=1057357&vpid=34033658&ct=offers,
1,RC0603FR-0720KL,Yageo,RC0603FR-0720KL,https://octopart.com/rc0603fr-0720kl-yageo-1197359,R19,,20k 1%,1,311-20.0KHRCT-ND,1799331,,RC0603FR-0720K,Cut Tape,Cut Tape,,,0.08591140000000001,0.0664,,,3155472,1986,,0,1,1,,100,https://octopart.com/click/track?country=ES&ak=68b25f31&sig=0386612&sid=459&ppid=1197359&vpid=1315555&ct=offers,https://octopart.com/click/track?country=ES&ak=68b25f31&sig=0081d98&sid=819&ppid=1197359&vpid=148346721&ct=offers,,https://octopart.com/click/track?country=ES&ak=68b25f31&sig=02385d0&sid=1532&ppid=1197359&vpid=88745906&ct=offers,Digi-Key,311-20.0KHRCT-ND,Cut Tape,0.08591140000000001,0.08591140000000001,0.08591140000000001,3155472,1,https://octopart.com/click/track?country=ES&ak=68b25f31&sig=0386612&sid=459&ppid=1197359&vpid=1315555&ct=offers,
1,450301014042,WÃ¼rth Elektronik,450301014042,https://octopart.com/450301014042-w%C3%BCrth+elektronik-23825802,SW1,,450301014042,1,450301014042-ND,2134452,,,Bulk,,,,1.8213216800000003,1.78,,,2157,5897,,,1,1,,,https://octopart.com/click/track?country=ES&ak=68b25f31&sig=0a1d353&sid=459&ppid=23825802&vpid=194151727&ct=offers,https://octopart.com/click/track?country=ES&ak=68b25f31&sig=01b5534&sid=819&ppid=23825802&vpid=148329318&ct=offers,,,Digi-Key,450301014042-ND,Bulk,1.8213216800000003,1.8213216800000003,1.8213216800000003,2157,1,https://octopart.com/click/track?country=ES&ak=68b25f31&sig=0a1d353&sid=459&ppid=23825802&vpid=194151727&ct=offers,
1,LM2940IMPX-5.0/NOPB,Texas Instruments,LM2940IMPX-5.0/NOPB,https://octopart.com/lm2940impx-5.0%2Fnopb-texas+instruments-24813560,U2,,M2940IMPX-5.0,1,LM2940IMPX-5.0/NOPBCT-ND,,,,Cut Tape,,,,1.86427738,,,,2730,,,,1,,,,https://octopart.com/click/track?country=ES&ak=68b25f31&sig=0a42b98&sid=459&ppid=24813560&vpid=57588579&ct=offers,,,,Digi-Key,LM2940IMPX-5.0/NOPBCT-ND,Cut Tape,1.86427738,1.86427738,1.86427738,2730,1,https://octopart.com/click/track?country=ES&ak=68b25f31&sig=0a42b98&sid=459&ppid=24813560&vpid=57588579&ct=offers,
1,DSPIC33EP512MC806-I/PT,Microchip,DSPIC33EP512MC806-I/PT,https://octopart.com/dspic33ep512mc806-i%2Fpt-microchip-21270021,U11,,DSPIC33EP512MC806,1,DSPIC33EP512MC806-I/PT-ND,2425985,,,Tray,,,,6.69249806,8.92,,,617,165,,,1,1,,,https://octopart.com/click/track?country=ES&ak=68b25f31&sig=03e921a&sid=459&ppid=21270021&vpid=45700949&ct=offers,https://octopart.com/click/track?country=ES&ak=68b25f31&sig=0f4763f&sid=819&ppid=21270021&vpid=147607901&ct=offers,,,Digi-Key,DSPIC33EP512MC806-I/PT-ND,Tray,6.69249806,6.69249806,6.69249806,617,1,https://octopart.com/click/track?country=ES&ak=68b25f31&sig=03e921a&sid=459&ppid=21270021&vpid=45700949&ct=offers,
2,ZXMHC3A01T8TA,Diodes Inc.,ZXMHC3A01T8TA,https://octopart.com/zxmhc3a01t8ta-diodes+inc.-660067,U8 U7,,ZXMHC3A01T8,2,ZXMHC3A01T8CT-ND,2061506,,,Cut Tape,,,,1.5807697600000001,2.17,,,8695,0,,,1,1,,,https://octopart.com/click/track?country=ES&ak=68b25f31&sig=089d909&sid=459&ppid=660067&vpid=1361811&ct=offers,https://octopart.com/click/track?c=1&country=ES&ak=68b25f31&sig=065bdc7&sid=819&ppid=660067&vpid=147425293&ct=offers,,,Digi-Key,ZXMHC3A01T8CT-ND,Cut Tape,1.5807697600000001,3.1615395200000003,3.1615395200000003,8695,1,https://octopart.com/click/track?country=ES&ak=68b25f31&sig=089d909&sid=459&ppid=660067&vpid=1361811&ct=offers,
1,ULN2003APW,Texas Instruments,ULN2003APW,https://octopart.com/uln2003apw-texas+instruments-7107989,U12,,ULN2003A,1,296-34765-5-ND,2335680,,ULN2003APW,Tube,,,,0.58419752,545,,0.4894802015,1895,158,,277,1,1,,1,https://octopart.com/click/track?country=ES&ak=68b25f31&sig=0ad7a3b&sid=459&ppid=7107989&vpid=52624736&ct=offers,https://octopart.com/click/track?country=ES&ak=68b25f31&sig=0310d18&sid=819&ppid=7107989&vpid=148185505&ct=offers,,https://octopart.com/click/track?country=ES&ak=68b25f31&sig=0ab903c&sid=1532&ppid=7107989&vpid=419806847&ct=offers,Digi-Key,296-34765-5-ND,Tube,0.58419752,0.58419752,0.58419752,1895,1,https://octopart.com/click/track?country=ES&ak=68b25f31&sig=0ad7a3b&sid=459&ppid=7107989&vpid=52624736&ct=offers,
2,MCP1700T-3302E/TT,Microchip,MCP1700T-3302E/TT,https://octopart.com/mcp1700t-3302e%2Ftt-microchip-535742,U6 U1,,MCP1700,2,MCP1700T3302ETTCT-ND,1296592RL,,MCP1700T3302ETT,Cut Tape,,,,0.33505446000000005,355,,,131139,83543,,9383,1,1,,3,https://octopart.com/click/track?country=ES&ak=68b25f31&sig=071bb1d&sid=459&ppid=535742&vpid=1805989&ct=offers,https://octopart.com/click/track?country=ES&ak=68b25f31&sig=060c28e&sid=819&ppid=535742&vpid=147608725&ct=offers,,https://octopart.com/click/track?country=ES&ak=68b25f31&sig=08ba571&sid=1532&ppid=535742&vpid=88652478&ct=offers,Digi-Key,MCP1700T3302ETTCT-ND,Cut Tape,0.33505446000000005,0.6701089200000001,0.6701089200000001,131139,1,https://octopart.com/click/track?country=ES&ak=68b25f31&sig=071bb1d&sid=459&ppid=535742&vpid=1805989&ct=offers,
2,TC4427COA,Microchip,TC4427COA,https://octopart.com/tc4427coa-microchip-91446,U4 U3,,TC4427COA,2,TC4427COA-ND,9762620,,TC4427COA,Tube,,,,1.19416846,1.51,,0.7560203200000001,778,8,,743,1,1,,1,https://octopart.com/click/track?country=ES&ak=68b25f31&sig=0809f65&sid=459&ppid=91446&vpid=1436716&ct=offers,https://octopart.com/click/track?country=ES&ak=68b25f31&sig=0b3fe9f&sid=819&ppid=91446&vpid=147613173&ct=offers,,https://octopart.com/click/track?country=ES&ak=68b25f31&sig=01c2b2c&sid=1532&ppid=91446&vpid=88664044&ct=offers,Digi-Key,TC4427COA-ND,Tube,1.19416846,2.38833692,2.38833692,778,1,https://octopart.com/click/track?country=ES&ak=68b25f31&sig=0809f65&sid=459&ppid=91446&vpid=1436716&ct=offers,
1,LY3200ALHTR,STMicroelectronics,LY3200ALHTR,https://octopart.com/ly3200alhtr-stmicroelectronics-17996093,U5,,LY3200ALH,1,497-11080-1-ND,,,,Cut Tape,,,,3.05844584,,,,6451,,,,1,,,,https://octopart.com/click/track?country=ES&ak=68b25f31&sig=00f12ed&sid=459&ppid=17996093&vpid=36622466&ct=offers,,,,Digi-Key,497-11080-1-ND,Cut Tape,3.05844584,3.05844584,3.05844584,6451,1,https://octopart.com/click/track?country=ES&ak=68b25f31&sig=00f12ed&sid=459&ppid=17996093&vpid=36622466&ct=offers,
1,CSTCE10M0G55-R0,Murata,CSTCE10M0G55-R0,https://octopart.com/cstce10m0g55-r0-murata-314370,Y1,,10Mhz,1,490-1196-1-ND,,,CSTCE10M0G55-R0,Cut Tape,,,,0.41237472000000003,,,,19599,,,0,1,,,3000,https://octopart.com/click/track?country=ES&ak=68b25f31&sig=0793af4&sid=459&ppid=314370&vpid=1265304&ct=offers,,,https://octopart.com/click/track?country=ES&ak=68b25f31&sig=0030775&sid=1532&ppid=314370&vpid=430923450&ct=offers,Digi-Key,490-1196-1-ND,Cut Tape,0.41237472000000003,0.41237472000000003,0.41237472000000003,19599,1,https://octopart.com/click/track?country=ES&ak=68b25f31&sig=0793af4&sid=459&ppid=314370&vpid=1265304&ct=offers,
